,race,Medicare,Other,Medicaid
0,WHITE,0.10604942825525636,0.13954566527584608,0.14548802946593
1,AMERICAN INDIAN/ALASKA NATIVE,0.12871287128712872,0.07142857142857142,0.14285714285714285
2,OTHER,0.13636363636363635,0.10344827586206896,0.1414141414141414
3,ASIAN,0.1206896551724138,0.15185185185185185,0.20535714285714285
4,HISPANIC/LATINO,0.18125,0.17733990147783252,0.24193548387096775
5,BLACK/AFRICAN AMERICAN,0.13982300884955753,0.2159214830970556,0.2708333333333333
