,Insurance,M,F
0,Medicare,0.10650743358518157,0.12814070351758794
1,Other,0.12766531713900134,0.18339622641509434
2,Medicaid,0.18495297805642633,0.19230769230769232
