,age,Medicare,Other,Medicaid
0,80+,0.08062930186823992,0.08321167883211679,0.05747126436781609
1,60-80,0.10976837865055387,0.11939721792890262,0.17616580310880828
2,40-60,0.2,0.18266666666666667,0.18463810930576072
3,20-40,0.14285714285714285,0.20927318295739347,0.27586206896551724
4,0-20,0.0,0.42857142857142855,1.0
