,FPR_M,FNR_M,FPR_F,FNR_F
0,0.12171442102770542,0.3279492356504182,0.15628950695322377,0.24753657808300986
