,FPR_Medicare,FNR_Medicare,FPR_Other,FNR_Other,FPR_Medicaid,FNR_Medicaid
0,0.11595992864004391,0.4003883495145631,0.15088105726872247,0.2221286155574277,0.1881625441696113,0.21176470588235294
