,race,Medicare,Other,Medicaid
0,WHITE,0.1733677609738104,0.1998145572554474,0.20441988950276244
1,AMERICAN INDIAN/ALASKA NATIVE,0.15841584158415842,0.14285714285714285,0.14285714285714285
2,OTHER,0.2222222222222222,0.15172413793103448,0.20202020202020202
3,ASIAN,0.1724137931034483,0.2037037037037037,0.20535714285714285
4,HISPANIC/LATINO,0.24375,0.23891625615763548,0.2661290322580645
5,BLACK/AFRICAN AMERICAN,0.2,0.2955288985823337,0.32083333333333336
