,Insurance,M,F
0,Medicare,0.1830368023397514,0.17996231155778894
1,Other,0.19271255060728745,0.24113207547169813
2,Medicaid,0.22570532915360503,0.24696356275303644
