,age,Medicare,Other,Medicaid
0,80+,0.14650934119960668,0.14306569343065692,0.05747126436781609
1,60-80,0.16817724068479356,0.18083462132921174,0.21761658031088082
2,40-60,0.28755760368663597,0.24488888888888888,0.24076809453471196
3,20-40,0.23469387755102042,0.2756892230576441,0.3160919540229885
4,0-20,0.0,0.45714285714285713,1.0
