,FPR_M,FNR_M,FPR_F,FNR_F
0,0.19050438077196305,0.25180271127776177,0.21080910240202275,0.1911018214392356
