,FPR_Medicare,FNR_Medicare,FPR_Other,FNR_Other,FPR_Medicaid,FNR_Medicaid
0,0.181693426650199,0.29825242718446604,0.21286972938955318,0.17916315641673689,0.23498233215547704,0.15735294117647058
