,age,Medicare,Other,Medicaid
0,80+,0.12750716332378223,0.1592920353982301,0.0
1,60-80,0.16457564575645756,0.1793193717277487,0.15384615384615385
2,40-60,0.27049180327868855,0.23240371845949534,0.25217391304347825
3,20-40,0.19008264462809918,0.23255813953488372,0.4576271186440678
4,0-20,0.0,0.6666666666666666,1.0
