,race,Medicare,Other,Medicaid
0,WHITE,0.15886524822695036,0.1669724770642202,0.15328467153284672
1,BLACK/AFRICAN AMERICAN,0.18584070796460178,0.25081788440567065,0.30416666666666664
