,Insurance,M,F
0,Medicare,0.15729537366548044,0.18766519823788547
1,Other,0.1615798922800718,0.2600896860986547
2,Medicaid,0.2849162011173184,0.21717171717171718
