,race,M,F
0,WHITE,0.15565729234793982,0.17073170731707318
1,BLACK/AFRICAN AMERICAN,0.18306244653550044,0.26744186046511625
