,FPR_M,FNR_M,FPR_F,FNR_F
0,0.167531504818384,0.25045372050816694,0.21932584269662922,0.17485119047619047
