,FPR_Medicare,FNR_Medicare,FPR_Other,FNR_Other,FPR_Medicaid,FNR_Medicaid
0,0.17086614173228346,0.32457142857142857,0.20528151469855505,0.15038759689922482,0.2493368700265252,0.11743772241992882
