,age,Medicare,Other,Medicaid
0,80+,0.1302851524090462,0.12992700729927006,0.05747126436781609
1,60-80,0.14551863041289023,0.15301391035548687,0.20725388601036268
2,40-60,0.2488479262672811,0.212,0.20236336779911374
3,20-40,0.18877551020408162,0.23809523809523808,0.3103448275862069
4,0-20,0.0,0.5428571428571428,1.0
