,race,Medicare,Other,Medicaid
0,WHITE,0.14791589819254888,0.17199814557255447,0.16206261510128914
1,AMERICAN INDIAN/ALASKA NATIVE,0.1782178217821782,0.07142857142857142,0.14285714285714285
2,OTHER,0.18181818181818182,0.13793103448275862,0.16161616161616163
3,ASIAN,0.16379310344827586,0.18518518518518517,0.22321428571428573
4,HISPANIC/LATINO,0.203125,0.21674876847290642,0.2661290322580645
5,BLACK/AFRICAN AMERICAN,0.18584070796460178,0.25081788440567065,0.30416666666666664
