,Insurance,M,F
0,Medicare,0.15135266877894224,0.166143216080402
1,Other,0.1592442645074224,0.21924528301886792
2,Medicaid,0.20532915360501566,0.2145748987854251
