,FPR_M,FNR_M,FPR_F,FNR_F
0,0.1588917830925882,0.27660801845976346,0.19216182048040456,0.19289340101522842
