,FPR_Medicare,FNR_Medicare,FPR_Other,FNR_Other,FPR_Medicaid,FNR_Medicaid
0,0.1578152874982846,0.3192233009708738,0.184235368156073,0.18646447627071047,0.20936395759717313,0.175
