,age,Medicare,Other,Medicaid
0,80+,0.1160275319567355,0.11678832116788321,0.05747126436781609
1,60-80,0.13695871097683787,0.14489953632148378,0.20207253886010362
2,40-60,0.23870967741935484,0.2071111111111111,0.20974889217134415
3,20-40,0.1683673469387755,0.22681704260651628,0.29310344827586204
4,0-20,0.0,0.4857142857142857,1.0
