,Insurance,M,F
0,Medicare,0.1423348769193273,0.15326633165829145
1,Other,0.15168690958164643,0.210188679245283
2,Medicaid,0.20219435736677116,0.22064777327935223
