,race,Medicare,Other,Medicaid
0,WHITE,0.13887864256731833,0.16504404265183126,0.16758747697974216
1,AMERICAN INDIAN/ALASKA NATIVE,0.15841584158415842,0.07142857142857142,0.14285714285714285
2,OTHER,0.14646464646464646,0.12413793103448276,0.1717171717171717
3,ASIAN,0.14655172413793102,0.17777777777777778,0.21428571428571427
4,HISPANIC/LATINO,0.20625,0.2019704433497537,0.25
5,BLACK/AFRICAN AMERICAN,0.16902654867256636,0.2420937840785169,0.30416666666666664
