,FPR_Medicare,FNR_Medicare,FPR_Other,FNR_Other,FPR_Medicaid,FNR_Medicaid
0,0.14711129408535747,0.338252427184466,0.17605412208936438,0.19516989609660207,0.21024734982332155,0.175
