,FPR_M,FNR_M,FPR_F,FNR_F
0,0.1509590338621833,0.2861263340063455,0.18236409608091025,0.20692744102717228
