,race,Medicare,Other,Medicaid
0,WHITE,0.15602836879432624,0.1651376146788991,0.1678832116788321
1,BLACK/AFRICAN AMERICAN,0.16902654867256636,0.2420937840785169,0.30416666666666664
