,Insurance,M,F
0,Medicare,0.1494661921708185,0.17709251101321585
1,Other,0.1615798922800718,0.24887892376681614
2,Medicaid,0.2849162011173184,0.22727272727272727
