,age,Medicare,Other,Medicaid
0,80+,0.11174785100286533,0.14601769911504425,0.0
1,60-80,0.16236162361623616,0.17146596858638743,0.15384615384615385
2,40-60,0.2568306010928962,0.23240371845949534,0.26521739130434785
3,20-40,0.15702479338842976,0.22868217054263565,0.4406779661016949
4,0-20,0.0,0.6666666666666666,1.0
