,race,M,F
0,WHITE,0.15958142576847612,0.16169828364950317
1,BLACK/AFRICAN AMERICAN,0.16852010265183917,0.2584973166368515
