,FPR_M,FNR_M,FPR_F,FNR_F
0,0.16345441067457375,0.26406533575317603,0.21033707865168538,0.18824404761904762
