,FPR_Medicare,FNR_Medicare,FPR_Other,FNR_Other,FPR_Medicaid,FNR_Medicaid
0,0.16181102362204725,0.3485714285714286,0.20029895366218237,0.15813953488372093,0.2546419098143236,0.12455516014234876
