,Insurance,M,F
0,Medicare,0.17353156227150865,0.19503768844221106
1,Other,0.17813765182186234,0.24037735849056605
2,Medicaid,0.2084639498432602,0.23684210526315788
