,age,Medicare,Other,Medicaid
0,80+,0.16224188790560473,0.1562043795620438,0.05747126436781609
1,60-80,0.1691842900302115,0.17697063369397217,0.22279792746113988
2,40-60,0.271889400921659,0.23155555555555554,0.22304283604135894
3,20-40,0.1836734693877551,0.24561403508771928,0.28735632183908044
4,0-20,0.0,0.42857142857142855,1.0
