,race,Medicare,Other,Medicaid
0,WHITE,0.17613426779786057,0.18915159944367177,0.1878453038674033
1,AMERICAN INDIAN/ALASKA NATIVE,0.16831683168316833,0.21428571428571427,0.14285714285714285
2,OTHER,0.20202020202020202,0.1425287356321839,0.20202020202020202
3,ASIAN,0.16379310344827586,0.2111111111111111,0.22321428571428573
4,HISPANIC/LATINO,0.23125,0.23399014778325122,0.27419354838709675
5,BLACK/AFRICAN AMERICAN,0.20176991150442478,0.28789531079607417,0.2791666666666667
