,FPR_M,FNR_M,FPR_F,FNR_F
0,0.1781908595784987,0.26507066628208825,0.21728824273072062,0.18483129292326067
