,FPR_Medicare,FNR_Medicare,FPR_Other,FNR_Other,FPR_Medicaid,FNR_Medicaid
0,0.18292850281322903,0.2959223300970874,0.20405915670232852,0.18477955630440887,0.22084805653710246,0.17352941176470588
