,race,Medicare,Other,Medicaid
0,WHITE,0.13131685724824788,0.15113583681038478,0.15285451197053407
1,AMERICAN INDIAN/ALASKA NATIVE,0.15841584158415842,0.07142857142857142,0.14285714285714285
2,OTHER,0.12626262626262627,0.09655172413793103,0.18181818181818182
3,ASIAN,0.11206896551724138,0.17037037037037037,0.1875
4,HISPANIC/LATINO,0.18125,0.1896551724137931,0.23387096774193547
5,BLACK/AFRICAN AMERICAN,0.14601769911504425,0.2420937840785169,0.25833333333333336
