,age,Medicare,Other,Medicaid
0,80+,0.10275319567354965,0.09927007299270073,0.06896551724137931
1,60-80,0.12739174219536759,0.13523956723338484,0.16062176165803108
2,40-60,0.22580645161290322,0.192,0.19497784342688332
3,20-40,0.14795918367346939,0.21929824561403508,0.25862068965517243
4,0-20,0.0,0.42857142857142855,1.0
