,Insurance,M,F
0,Medicare,0.1350231537899098,0.13662060301507536
1,Other,0.14224021592442646,0.19358490566037737
2,Medicaid,0.18025078369905956,0.20242914979757085
