,FPR_M,FNR_M,FPR_F,FNR_F
0,0.14160549372484016,0.3060282665128353,0.16561314791403287,0.23857868020304568
