,FPR_Medicare,FNR_Medicare,FPR_Other,FNR_Other,FPR_Medicaid,FNR_Medicaid
0,0.13572114724852477,0.36893203883495146,0.16362492133417245,0.2193204156135917,0.18992932862190812,0.18970588235294117
