,age,Medicare,Other,Medicaid
0,80+,0.12291052114060963,0.11824817518248175,0.09195402298850575
1,60-80,0.14123867069486404,0.15842349304482226,0.19170984455958548
2,40-60,0.2423963133640553,0.20444444444444446,0.20088626292466766
3,20-40,0.19387755102040816,0.23558897243107768,0.3218390804597701
4,0-20,0.0,0.5142857142857142,1.0
