,Insurance,M,F
0,Medicare,0.14818425542286132,0.15829145728643215
1,Other,0.15897435897435896,0.21433962264150944
2,Medicaid,0.20219435736677116,0.22064777327935223
