,race,Medicare,Other,Medicaid
0,WHITE,0.14717816303946882,0.17222994900324526,0.16758747697974216
1,AMERICAN INDIAN/ALASKA NATIVE,0.1782178217821782,0.21428571428571427,0.14285714285714285
2,OTHER,0.19696969696969696,0.12183908045977011,0.15151515151515152
3,ASIAN,0.1206896551724138,0.18888888888888888,0.20535714285714285
4,HISPANIC/LATINO,0.190625,0.2044334975369458,0.2661290322580645
5,BLACK/AFRICAN AMERICAN,0.16106194690265488,0.24427480916030533,0.30833333333333335
