,FPR_M,FNR_M,FPR_F,FNR_F
0,0.1569973952166706,0.2895875396596481,0.18663084702907712,0.21379516273514482
