,FPR_Medicare,FNR_Medicare,FPR_Other,FNR_Other,FPR_Medicaid,FNR_Medicaid
0,0.15260052147660216,0.34679611650485437,0.18203272498426684,0.19741645605167088,0.21024734982332155,0.18235294117647058
