,race,Medicare,Other,Medicaid
0,WHITE,0.1148936170212766,0.13944954128440368,0.15328467153284672
1,BLACK/AFRICAN AMERICAN,0.13982300884955753,0.2159214830970556,0.2708333333333333
