,age,Medicare,Other,Medicaid
0,80+,0.07020057306590258,0.10176991150442478,0.0
1,60-80,0.12619926199261994,0.14397905759162305,0.15384615384615385
2,40-60,0.22950819672131148,0.21115537848605578,0.23478260869565218
3,20-40,0.1322314049586777,0.20930232558139536,0.3898305084745763
4,0-20,0.0,0.6666666666666666,1.0
