,Insurance,M,F
0,Medicare,0.10818505338078292,0.14801762114537445
1,Other,0.13913824057450627,0.218609865470852
2,Medicaid,0.26256983240223464,0.19696969696969696
