,race,M,F
0,WHITE,0.12034009156311315,0.13640469738030714
1,BLACK/AFRICAN AMERICAN,0.1454234388366125,0.22450805008944544
