,FPR_Medicare,FNR_Medicare,FPR_Other,FNR_Other,FPR_Medicaid,FNR_Medicaid
0,0.12598425196850394,0.4022857142857143,0.17438963627304435,0.1821705426356589,0.22811671087533156,0.13523131672597866
