,FPR_M,FNR_M,FPR_F,FNR_F
0,0.13120830244625648,0.30127041742286753,0.18067415730337077,0.21800595238095238
