,age,Medicare,Other,Medicaid
0,80+,0.1160275319567355,0.11094890510948906,0.05747126436781609
1,60-80,0.13267875125881168,0.13639876352395672,0.19170984455958548
2,40-60,0.22580645161290322,0.20177777777777778,0.19940915805022155
3,20-40,0.14285714285714285,0.22681704260651628,0.28735632183908044
4,0-20,0.0,0.4857142857142857,1.0
