,race,Medicare,Other,Medicaid
0,WHITE,0.13371449649575803,0.15669911914696338,0.14917127071823205
1,AMERICAN INDIAN/ALASKA NATIVE,0.13861386138613863,0.07142857142857142,0.14285714285714285
2,OTHER,0.15151515151515152,0.1310344827586207,0.16161616161616163
3,ASIAN,0.15517241379310345,0.17037037037037037,0.21428571428571427
4,HISPANIC/LATINO,0.196875,0.20689655172413793,0.25806451612903225
5,BLACK/AFRICAN AMERICAN,0.16460176991150444,0.2366412213740458,0.30416666666666664
