,Insurance,M,F
0,Medicare,0.1347794296855959,0.15169597989949749
1,Other,0.145748987854251,0.20415094339622641
2,Medicaid,0.19278996865203762,0.2125506072874494
