,FPR_M,FNR_M,FPR_F,FNR_F
0,0.14397347856973716,0.297086818575137,0.1784134007585335,0.21409375933114363
