,FPR_Medicare,FNR_Medicare,FPR_Other,FNR_Other,FPR_Medicaid,FNR_Medicaid
0,0.14217098943323728,0.3483495145631068,0.17007551919446193,0.20275203594495927,0.20141342756183744,0.18823529411764706
