,race,Medicare,Other,Medicaid
0,WHITE,0.14570269273330874,0.1699119146963375,0.1731123388581952
1,AMERICAN INDIAN/ALASKA NATIVE,0.13861386138613863,0.07142857142857142,0.14285714285714285
2,OTHER,0.18181818181818182,0.1310344827586207,0.18181818181818182
3,ASIAN,0.15517241379310345,0.18518518518518517,0.23214285714285715
4,HISPANIC/LATINO,0.209375,0.22167487684729065,0.25806451612903225
5,BLACK/AFRICAN AMERICAN,0.17699115044247787,0.24972737186477645,0.325
