,age,Medicare,Other,Medicaid
0,80+,0.12045231071779744,0.11824817518248175,0.05747126436781609
1,60-80,0.14400805639476336,0.1491499227202473,0.20725388601036268
2,40-60,0.24700460829493087,0.21288888888888888,0.21861152141802068
3,20-40,0.20408163265306123,0.24436090225563908,0.3218390804597701
4,0-20,0.0,0.5428571428571428,1.0
