,Insurance,M,F
0,Medicare,0.15013404825737264,0.15986180904522612
1,Other,0.15897435897435896,0.21547169811320754
2,Medicaid,0.21003134796238246,0.23481781376518218
