,FPR_M,FNR_M,FPR_F,FNR_F
0,0.15853658536585366,0.2757427170464378,0.18900126422250316,0.20513586145117946
