,FPR_Medicare,FNR_Medicare,FPR_Other,FNR_Other,FPR_Medicaid,FNR_Medicaid
0,0.1543845203787567,0.32776699029126216,0.18250471994965387,0.19208087615838249,0.22084805653710246,0.16911764705882354
