,race,Medicare,Other,Medicaid
0,WHITE,0.13924751014385836,0.16527584608252202,0.16390423572744015
1,AMERICAN INDIAN/ALASKA NATIVE,0.12871287128712872,0.21428571428571427,0.14285714285714285
2,OTHER,0.16161616161616163,0.12643678160919541,0.15151515151515152
3,ASIAN,0.09482758620689655,0.17407407407407408,0.20535714285714285
4,HISPANIC/LATINO,0.19375,0.21428571428571427,0.2661290322580645
5,BLACK/AFRICAN AMERICAN,0.16283185840707964,0.2529989094874591,0.2791666666666667
