,age,Medicare,Other,Medicaid
0,80+,0.1096361848574238,0.10364963503649635,0.06896551724137931
1,60-80,0.13695871097683787,0.15030911901081917,0.16062176165803108
2,40-60,0.2359447004608295,0.21511111111111111,0.21418020679468242
3,20-40,0.17346938775510204,0.22431077694235588,0.26436781609195403
4,0-20,0.0,0.4,1.0
