,Insurance,M,F
0,Medicare,0.14672191079697783,0.14290201005025124
1,Other,0.1592442645074224,0.20641509433962263
2,Medicaid,0.19122257053291536,0.2165991902834008
