,FPR_M,FNR_M,FPR_F,FNR_F
0,0.1555766043097324,0.2985289875973464,0.1752528445006321,0.24156464616303375
