,FPR_Medicare,FNR_Medicare,FPR_Other,FNR_Other,FPR_Medicaid,FNR_Medicaid
0,0.14505283381364073,0.3611650485436893,0.17888609188168658,0.22072451558550968,0.20229681978798586,0.18823529411764706
