,age,Medicare,Other,Medicaid
0,80+,0.10888252148997135,0.14601769911504425,0.0
1,60-80,0.16309963099630997,0.17539267015706805,0.17307692307692307
2,40-60,0.27049180327868855,0.23771580345285526,0.27391304347826084
3,20-40,0.2066115702479339,0.2441860465116279,0.4745762711864407
4,0-20,0.0,0.6666666666666666,1.0
