,Insurance,M,F
0,Medicare,0.15658362989323843,0.17709251101321585
1,Other,0.16786355475763015,0.2533632286995516
2,Medicaid,0.29608938547486036,0.24242424242424243
