,race,Medicare,Other,Medicaid
0,WHITE,0.15673758865248227,0.1688073394495413,0.1678832116788321
1,BLACK/AFRICAN AMERICAN,0.17699115044247787,0.24972737186477645,0.325
