,race,M,F
0,WHITE,0.15958142576847612,0.16621499548328816
1,BLACK/AFRICAN AMERICAN,0.1847733105218135,0.26028622540250446
