,FPR_Medicare,FNR_Medicare,FPR_Other,FNR_Other,FPR_Medicaid,FNR_Medicaid
0,0.165748031496063,0.34514285714285714,0.2057797708021923,0.15658914728682172,0.26790450928381965,0.11387900355871886
