,FPR_M,FNR_M,FPR_F,FNR_F
0,0.17049666419570053,0.2577132486388385,0.21348314606741572,0.1875
