,Insurance,M,F
0,Medicare,0.1387900355871886,0.17533039647577092
1,Other,0.15080789946140036,0.24439461883408073
2,Medicaid,0.2737430167597765,0.22727272727272727
