,race,Medicare,Other,Medicaid
0,WHITE,0.1475177304964539,0.15504587155963304,0.15328467153284672
1,BLACK/AFRICAN AMERICAN,0.16460176991150444,0.2366412213740458,0.30416666666666664
