,age,Medicare,Other,Medicaid
0,80+,0.11604584527220631,0.1415929203539823,0.0
1,60-80,0.15129151291512916,0.16230366492146597,0.17307692307692307
2,40-60,0.2540983606557377,0.2244355909694555,0.2565217391304348
3,20-40,0.12396694214876033,0.22093023255813954,0.423728813559322
4,0-20,0.0,0.6666666666666666,1.0
