,race,M,F
0,WHITE,0.14780902550686723,0.15537488708220415
1,BLACK/AFRICAN AMERICAN,0.15911035072711718,0.259391771019678
