,FPR_M,FNR_M,FPR_F,FNR_F
0,0.15270570793180133,0.27041742286751363,0.20764044943820226,0.19122023809523808
