,FPR_Medicare,FNR_Medicare,FPR_Other,FNR_Other,FPR_Medicaid,FNR_Medicaid
0,0.15511811023622046,0.35314285714285715,0.19232685600398605,0.162015503875969,0.2493368700265252,0.13167259786476868
